South|AMC Showplace Indianapolis 17|Ouija
South|AMC Showplace Indianapolis 17|The Judge
South|AMC Showplace Indianapolis 17|Fury
South|Regal Greenwood Park 14|Annabelle
South|Regal Greenwood Park 14|John Wick
South|AMC Showplace Indianapolis 17|The Maze Runner
South|AMC Showplace Indianapolis 17|Alexander and the Terrible, Horrible, No Good, Very Bad Day
South|AMC Showplace Indianapolis 17|The Equalizer
South|AMC Showplace Indianapolis 17|John Wick
South|Cinemark Movies 8 - Greenwood Corners|Let's Be Cops
South|Cinemark Movies 8 - Greenwood Corners|Into the Storm
South|Cinemark Movies 8 - Greenwood Corners|The Giver
South|Cinemark Movies 8 - Greenwood Corners|If I Stay
South|AMC Showplace Indianapolis 17|The Book of Life 3D
South|AMC Showplace Indianapolis 17|St. Vincent
South|AMC Showplace Indianapolis 17|Addicted
South|AMC Showplace Indianapolis 17|Gone Girl
South|AMC Showplace Indianapolis 17|23 Blast
South|AMC Showplace Indianapolis 17|The Best of Me
South|AMC Showplace Indianapolis 17|John Wick: The IMAX Experience
South|AMC Showplace Indianapolis 17|The Book of Life
South|AMC Showplace Indianapolis 17|Guardians of the Galaxy
South|AMC Showplace Indianapolis 17|Dracula Untold
South|AMC Showplace Indianapolis 17|22 Jump Street
South|AMC Showplace Indianapolis 17|Annabelle
South|AMC Showplace Indianapolis 17|Men, Women & Children
South|Cinemark Movies 8 - Greenwood Corners|Teenage Mutant Ninja Turtles
South|Cinemark Movies 8 - Greenwood Corners|When the Game Stands Tall
South|Cinemark Movies 8 - Greenwood Corners|Let's Be Cops
South|Cinemark Movies 8 - Greenwood Corners|Into the Storm
South|Cinemark Movies 8 - Greenwood Corners|The Giver
South|Cinemark Movies 8 - Greenwood Corners|If I Stay
South|Cinemark Movies 8 - Greenwood Corners|Maleficent
South|Cinemark Movies 8 - Greenwood Corners|Hotel Transylvania
South|Cinemark Movies 8 - Greenwood Corners|The Hundred-Foot Journey
South|Cinemark Movies 8 - Greenwood Corners|Maleficent 3D
South|Regal Greenwood Park 14|Ouija
South|Regal Greenwood Park 14|The Book of Life
South|Regal Greenwood Park 14|Fury
South|Regal Greenwood Park 14|Dracula Untold
South|Regal Greenwood Park 14|Alexander and the Terrible, Horrible, No Good, Very Bad Day
South|Regal Greenwood Park 14|The Judge
South|Regal Greenwood Park 14|St. Vincent
South|Regal Greenwood Park 14|The Maze Runner
South|Regal Greenwood Park 14|Gone Girl
South|Regal Greenwood Park 14|The Book of Life 3D
South|Regal Greenwood Park 14|The Best of Me